User ID,First Name,Middle Name,Last Name,Organiztaion,Salary Base,HSA Annual Credits,HSA Optional,HSA Remaining
testuser11,Name11,,LName11,testorg,50000.00,5000.00,500.00,4500.00
testuser10,Name10,,LName10,testorg,50000.00,5000.00,500.00,4500.00
testuser9,Name9,,LName9,testorg,50000.00,5000.00,500.00,4500.00
testuser8,Name8,,LName8,testorg,50000.00,5000.00,500.00,4500.00
testuser7,Name7,,LName7,testorg,50000.00,5000.00,500.00,4500.00
testuser6,Name6,,LName6,testorg,50000.00,5000.00,500.00,4500.00
testuser5,Name5,,LName5,testorg,50000.00,5000.00,500.00,4500.00
testuser4,Name4,,LName4,testorg,50000.00,5000.00,500.00,4500.00
testuser3,Name3,,LName3,testorg,55000.00,5000.00,400.00,4600.00
testuser1,Smitty,,Sampson,testorg,50000.00,500.00,0.00,500.00
testuser,Jarvis,Wigglebottom,B,testorg,60000.00,5000.00,600.00,4400.00
